filename,celebname,class
arin003.jpg,arin,0
arin011.jpg,arin,0
arin021.jpg,arin,0
arin034.jpg,arin,0
arin057.jpg,arin,0
arin060.jpg,arin,0
arin063.jpg,arin,0
arin072.jpg,arin,0
arin073.jpg,arin,0
arin101.jpg,arin,0
arin106.jpg,arin,0
arin123.jpg,arin,0
arin126.jpg,arin,0
arin127.jpg,arin,0
arin135.jpg,arin,0
arin137.jpg,arin,0
arin141.jpg,arin,0
arin147.jpg,arin,0
arin167.jpg,arin,0
arin200.jpg,arin,0
chaewon002.jpg,chaewon,1
chaewon006.jpg,chaewon,1
chaewon010.jpg,chaewon,1
chaewon014.jpg,chaewon,1
chaewon028.jpg,chaewon,1
chaewon035.jpg,chaewon,1
chaewon070.jpg,chaewon,1
chaewon094.jpg,chaewon,1
chaewon099.jpg,chaewon,1
chaewon100.jpg,chaewon,1
chaewon109.jpg,chaewon,1
chaewon130.jpg,chaewon,1
chaewon144.jpg,chaewon,1
chaewon146.jpg,chaewon,1
chaewon159.jpg,chaewon,1
chaewon167.jpg,chaewon,1
chaewon170.jpg,chaewon,1
chaewon176.jpg,chaewon,1
chaewon181.jpg,chaewon,1
chaewon184.jpg,chaewon,1
chaeyeon011.jpg,chaeyeon,2
chaeyeon017.jpg,chaeyeon,2
chaeyeon021.jpg,chaeyeon,2
chaeyeon063.jpg,chaeyeon,2
chaeyeon077.jpg,chaeyeon,2
chaeyeon078.jpg,chaeyeon,2
chaeyeon098.jpg,chaeyeon,2
chaeyeon101.jpg,chaeyeon,2
chaeyeon105.jpg,chaeyeon,2
chaeyeon109.jpg,chaeyeon,2
chaeyeon138.jpg,chaeyeon,2
chaeyeon144.jpg,chaeyeon,2
chaeyeon147.jpg,chaeyeon,2
chaeyeon160.jpg,chaeyeon,2
chaeyeon181.jpg,chaeyeon,2
chaeyeon195.jpg,chaeyeon,2
chaeyeon201.jpg,chaeyeon,2
chaeyeon205.jpg,chaeyeon,2
chaeyeon208.jpg,chaeyeon,2
chaeyeon209.jpg,chaeyeon,2
chaeyoung005.jpg,chaeyoung,3
chaeyoung013.jpg,chaeyoung,3
chaeyoung020.jpg,chaeyoung,3
chaeyoung027.jpg,chaeyoung,3
chaeyoung032.jpg,chaeyoung,3
chaeyoung033.jpg,chaeyoung,3
chaeyoung050.jpg,chaeyoung,3
chaeyoung065.jpg,chaeyoung,3
chaeyoung069.jpg,chaeyoung,3
chaeyoung079.jpg,chaeyoung,3
chaeyoung104.jpg,chaeyoung,3
chaeyoung106.jpg,chaeyoung,3
chaeyoung112.jpg,chaeyoung,3
chaeyoung119.jpg,chaeyoung,3
chaeyoung157.jpg,chaeyoung,3
chaeyoung174.jpg,chaeyoung,3
chaeyoung189.jpg,chaeyoung,3
chaeyoung192.jpg,chaeyoung,3
chaeyoung194.jpg,chaeyoung,3
chaeyoung195.jpg,chaeyoung,3
chungha016.jpg,chungha,4
chungha020.jpg,chungha,4
chungha021.jpg,chungha,4
chungha022.jpg,chungha,4
chungha025.jpg,chungha,4
chungha038.jpg,chungha,4
chungha039.jpg,chungha,4
chungha065.jpg,chungha,4
chungha074.jpg,chungha,4
chungha121.jpg,chungha,4
chungha135.jpg,chungha,4
chungha141.jpg,chungha,4
chungha149.jpg,chungha,4
chungha150.jpg,chungha,4
chungha160.jpg,chungha,4
chungha168.jpg,chungha,4
chungha174.jpg,chungha,4
chungha178.jpg,chungha,4
chungha181.jpg,chungha,4
chungha209.jpg,chungha,4
chuu005.jpg,chuu,5
chuu014.jpg,chuu,5
chuu015.jpg,chuu,5
chuu018.jpg,chuu,5
chuu020.jpg,chuu,5
chuu042.jpg,chuu,5
chuu046.jpg,chuu,5
chuu049.jpg,chuu,5
chuu050.jpg,chuu,5
chuu058.jpg,chuu,5
chuu062.jpg,chuu,5
chuu067.jpg,chuu,5
chuu074.jpg,chuu,5
chuu090.jpg,chuu,5
chuu091.jpg,chuu,5
chuu096.jpg,chuu,5
chuu104.jpg,chuu,5
chuu105.jpg,chuu,5
chuu112.jpg,chuu,5
chuu122.jpg,chuu,5
eunha017.jpg,eunha,6
eunha021.jpg,eunha,6
eunha041.jpg,eunha,6
eunha054.jpg,eunha,6
eunha068.jpg,eunha,6
eunha071.jpg,eunha,6
eunha092.jpg,eunha,6
eunha111.jpg,eunha,6
eunha113.jpg,eunha,6
eunha122.jpg,eunha,6
eunha124.jpg,eunha,6
eunha140.jpg,eunha,6
eunha142.jpg,eunha,6
eunha148.jpg,eunha,6
eunha154.jpg,eunha,6
eunha170.jpg,eunha,6
eunha178.jpg,eunha,6
eunha188.jpg,eunha,6
eunha195.jpg,eunha,6
eunha197.jpg,eunha,6
heize017.jpg,heize,7
heize027.jpg,heize,7
heize041.jpg,heize,7
heize053.jpg,heize,7
heize059.jpg,heize,7
heize063.jpg,heize,7
heize064.jpg,heize,7
heize091.jpg,heize,7
heize094.jpg,heize,7
heize096.jpg,heize,7
heize097.jpg,heize,7
heize099.jpg,heize,7
heize118.jpg,heize,7
heize120.jpg,heize,7
heize122.jpg,heize,7
heize127.jpg,heize,7
heize149.jpg,heize,7
heize158.jpg,heize,7
heize163.jpg,heize,7
heize167.jpg,heize,7
iu017.jpg,iu,8
iu032.jpg,iu,8
iu035.jpg,iu,8
iu043.jpg,iu,8
iu047.jpg,iu,8
iu049.jpg,iu,8
iu053.jpg,iu,8
iu055.jpg,iu,8
iu061.jpg,iu,8
iu077.jpg,iu,8
iu129.jpg,iu,8
iu130.jpg,iu,8
iu137.jpg,iu,8
iu146.jpg,iu,8
iu150.jpg,iu,8
iu171.jpg,iu,8
iu174.jpg,iu,8
iu175.jpg,iu,8
iu182.jpg,iu,8
iu185.jpg,iu,8
jiae019.jpg,jiae,9
jiae025.jpg,jiae,9
jiae027.jpg,jiae,9
jiae030.jpg,jiae,9
jiae044.jpg,jiae,9
jiae047.jpg,jiae,9
jiae083.jpg,jiae,9
jiae090.jpg,jiae,9
jiae099.jpg,jiae,9
jiae128.jpg,jiae,9
jiae146.jpg,jiae,9
jiae149.jpg,jiae,9
jiae167.jpg,jiae,9
jiae168.jpg,jiae,9
jiae176.jpg,jiae,9
jiae197.jpg,jiae,9
jiae199.jpg,jiae,9
jiae221.jpg,jiae,9
jiae226.jpg,jiae,9
jiae229.jpg,jiae,9
jiheon003.jpg,jiheon,10
jiheon011.jpg,jiheon,10
jiheon018.jpg,jiheon,10
jiheon023.jpg,jiheon,10
jiheon025.jpg,jiheon,10
jiheon029.jpg,jiheon,10
jiheon047.jpg,jiheon,10
jiheon060.jpg,jiheon,10
jiheon071.jpg,jiheon,10
jiheon072.jpg,jiheon,10
jiheon083.jpg,jiheon,10
jiheon087.jpg,jiheon,10
jiheon107.jpg,jiheon,10
jiheon119.jpg,jiheon,10
jiheon130.jpg,jiheon,10
jiheon150.jpg,jiheon,10
jiheon170.jpg,jiheon,10
jiheon171.jpg,jiheon,10
jiheon179.jpg,jiheon,10
jiheon196.jpg,jiheon,10
jinsoul002.jpg,jinsoul,11
jinsoul025.jpg,jinsoul,11
jinsoul036.jpg,jinsoul,11
jinsoul037.jpg,jinsoul,11
jinsoul066.jpg,jinsoul,11
jinsoul076.jpg,jinsoul,11
jinsoul084.jpg,jinsoul,11
jinsoul087.jpg,jinsoul,11
jinsoul093.jpg,jinsoul,11
jinsoul096.jpg,jinsoul,11
jinsoul099.jpg,jinsoul,11
jinsoul100.jpg,jinsoul,11
jinsoul111.jpg,jinsoul,11
jinsoul121.jpg,jinsoul,11
jinsoul128.jpg,jinsoul,11
jinsoul162.jpg,jinsoul,11
jinsoul164.jpg,jinsoul,11
jinsoul187.jpg,jinsoul,11
jinsoul191.jpg,jinsoul,11
jinsoul194.jpg,jinsoul,11
jisun006.jpg,jisun,12
jisun016.jpg,jisun,12
jisun050.jpg,jisun,12
jisun060.jpg,jisun,12
jisun080.jpg,jisun,12
jisun089.jpg,jisun,12
jisun100.jpg,jisun,12
jisun139.jpg,jisun,12
jisun143.jpg,jisun,12
jisun149.jpg,jisun,12
jisun155.jpg,jisun,12
jisun156.jpg,jisun,12
jisun160.jpg,jisun,12
jisun162.jpg,jisun,12
jisun164.jpg,jisun,12
jisun167.jpg,jisun,12
jisun169.jpg,jisun,12
jisun176.jpg,jisun,12
jisun187.jpg,jisun,12
jisun194.jpg,jisun,12
luda001.jpg,luda,13
luda014.jpg,luda,13
luda032.jpg,luda,13
luda034.jpg,luda,13
luda036.jpg,luda,13
luda042.jpg,luda,13
luda047.jpg,luda,13
luda048.jpg,luda,13
luda050.jpg,luda,13
luda053.jpg,luda,13
luda067.jpg,luda,13
luda080.jpg,luda,13
luda087.jpg,luda,13
luda095.jpg,luda,13
luda096.jpg,luda,13
luda112.jpg,luda,13
luda116.jpg,luda,13
luda120.jpg,luda,13
luda199.jpg,luda,13
luda206.jpg,luda,13
minju003.jpg,minju,14
minju005.jpg,minju,14
minju012.jpg,minju,14
minju019.jpg,minju,14
minju024.jpg,minju,14
minju025.jpg,minju,14
minju032.jpg,minju,14
minju041.jpg,minju,14
minju054.jpg,minju,14
minju057.jpg,minju,14
minju081.jpg,minju,14
minju092.jpg,minju,14
minju098.jpg,minju,14
minju102.jpg,minju,14
minju108.jpg,minju,14
minju119.jpg,minju,14
minju126.jpg,minju,14
minju128.jpg,minju,14
minju131.jpg,minju,14
minju133.jpg,minju,14
nagyung008.jpg,nagyung,15
nagyung026.jpg,nagyung,15
nagyung032.jpg,nagyung,15
nagyung076.jpg,nagyung,15
nagyung086.jpg,nagyung,15
nagyung095.jpg,nagyung,15
nagyung114.jpg,nagyung,15
nagyung137.jpg,nagyung,15
nagyung138.jpg,nagyung,15
nagyung144.jpg,nagyung,15
nagyung146.jpg,nagyung,15
nagyung157.jpg,nagyung,15
nagyung162.jpg,nagyung,15
nagyung163.jpg,nagyung,15
nagyung171.jpg,nagyung,15
nagyung181.jpg,nagyung,15
nagyung182.jpg,nagyung,15
nagyung204.jpg,nagyung,15
nagyung217.jpg,nagyung,15
nagyung218.jpg,nagyung,15
oliviahye001.jpg,oliviahye,16
oliviahye004.jpg,oliviahye,16
oliviahye011.jpg,oliviahye,16
oliviahye030.jpg,oliviahye,16
oliviahye034.jpg,oliviahye,16
oliviahye042.jpg,oliviahye,16
oliviahye045.jpg,oliviahye,16
oliviahye068.jpg,oliviahye,16
oliviahye089.jpg,oliviahye,16
oliviahye094.jpg,oliviahye,16
oliviahye111.jpg,oliviahye,16
oliviahye134.jpg,oliviahye,16
oliviahye136.jpg,oliviahye,16
oliviahye145.jpg,oliviahye,16
oliviahye153.jpg,oliviahye,16
oliviahye175.jpg,oliviahye,16
oliviahye183.jpg,oliviahye,16
oliviahye193.jpg,oliviahye,16
oliviahye205.jpg,oliviahye,16
oliviahye207.jpg,oliviahye,16
saerom010.jpg,saerom,17
saerom028.jpg,saerom,17
saerom032.jpg,saerom,17
saerom043.jpg,saerom,17
saerom047.jpg,saerom,17
saerom053.jpg,saerom,17
saerom056.jpg,saerom,17
saerom058.jpg,saerom,17
saerom065.jpg,saerom,17
saerom070.jpg,saerom,17
saerom098.jpg,saerom,17
saerom099.jpg,saerom,17
saerom113.jpg,saerom,17
saerom115.jpg,saerom,17
saerom117.jpg,saerom,17
saerom129.jpg,saerom,17
saerom134.jpg,saerom,17
saerom137.jpg,saerom,17
saerom151.jpg,saerom,17
saerom157.jpg,saerom,17
sana010.jpg,sana,18
sana022.jpg,sana,18
sana029.jpg,sana,18
sana032.jpg,sana,18
sana046.jpg,sana,18
sana048.jpg,sana,18
sana064.jpg,sana,18
sana072.jpg,sana,18
sana073.jpg,sana,18
sana077.jpg,sana,18
sana078.jpg,sana,18
sana094.jpg,sana,18
sana109.jpg,sana,18
sana126.jpg,sana,18
sana138.jpg,sana,18
sana144.jpg,sana,18
sana168.jpg,sana,18
sana173.jpg,sana,18
sana176.jpg,sana,18
sana183.jpg,sana,18
wonyoung005.jpg,wonyoung,19
wonyoung029.jpg,wonyoung,19
wonyoung035.jpg,wonyoung,19
wonyoung045.jpg,wonyoung,19
wonyoung046.jpg,wonyoung,19
wonyoung048.jpg,wonyoung,19
wonyoung062.jpg,wonyoung,19
wonyoung069.jpg,wonyoung,19
wonyoung073.jpg,wonyoung,19
wonyoung081.jpg,wonyoung,19
wonyoung089.jpg,wonyoung,19
wonyoung107.jpg,wonyoung,19
wonyoung112.jpg,wonyoung,19
wonyoung130.jpg,wonyoung,19
wonyoung136.jpg,wonyoung,19
wonyoung141.jpg,wonyoung,19
wonyoung159.jpg,wonyoung,19
wonyoung163.jpg,wonyoung,19
wonyoung177.jpg,wonyoung,19
wonyoung203.jpg,wonyoung,19
yeji003.jpg,yeji,20
yeji011.jpg,yeji,20
yeji033.jpg,yeji,20
yeji035.jpg,yeji,20
yeji041.jpg,yeji,20
yeji094.jpg,yeji,20
yeji097.jpg,yeji,20
yeji107.jpg,yeji,20
yeji109.jpg,yeji,20
yeji120.jpg,yeji,20
yeji132.jpg,yeji,20
yeji145.jpg,yeji,20
yeji158.jpg,yeji,20
yeji173.jpg,yeji,20
yeji181.jpg,yeji,20
yeji194.jpg,yeji,20
yeji209.jpg,yeji,20
yeji220.jpg,yeji,20
yeji228.jpg,yeji,20
yeji229.jpg,yeji,20
yeonwoo009.jpg,yeonwoo,21
yeonwoo024.jpg,yeonwoo,21
yeonwoo026.jpg,yeonwoo,21
yeonwoo028.jpg,yeonwoo,21
yeonwoo034.jpg,yeonwoo,21
yeonwoo043.jpg,yeonwoo,21
yeonwoo045.jpg,yeonwoo,21
yeonwoo046.jpg,yeonwoo,21
yeonwoo049.jpg,yeonwoo,21
yeonwoo053.jpg,yeonwoo,21
yeonwoo056.jpg,yeonwoo,21
yeonwoo061.jpg,yeonwoo,21
yeonwoo073.jpg,yeonwoo,21
yeonwoo076.jpg,yeonwoo,21
yeonwoo089.jpg,yeonwoo,21
yeonwoo109.jpg,yeonwoo,21
yeonwoo130.jpg,yeonwoo,21
yeonwoo136.jpg,yeonwoo,21
yeonwoo138.jpg,yeonwoo,21
yeonwoo151.jpg,yeonwoo,21
yooa001.jpg,yooa,22
yooa006.jpg,yooa,22
yooa009.jpg,yooa,22
yooa010.jpg,yooa,22
yooa012.jpg,yooa,22
yooa023.jpg,yooa,22
yooa035.jpg,yooa,22
yooa044.jpg,yooa,22
yooa053.jpg,yooa,22
yooa060.jpg,yooa,22
yooa061.jpg,yooa,22
yooa068.jpg,yooa,22
yooa073.jpg,yooa,22
yooa076.jpg,yooa,22
yooa084.jpg,yooa,22
yooa109.jpg,yooa,22
yooa112.jpg,yooa,22
yooa114.jpg,yooa,22
yooa119.jpg,yooa,22
yooa125.jpg,yooa,22
yujin002.jpg,yujin,23
yujin005.jpg,yujin,23
yujin021.jpg,yujin,23
yujin062.jpg,yujin,23
yujin066.jpg,yujin,23
yujin080.jpg,yujin,23
yujin083.jpg,yujin,23
yujin089.jpg,yujin,23
yujin092.jpg,yujin,23
yujin099.jpg,yujin,23
yujin107.jpg,yujin,23
yujin115.jpg,yujin,23
yujin132.jpg,yujin,23
yujin147.jpg,yujin,23
yujin158.jpg,yujin,23
yujin168.jpg,yujin,23
yujin193.jpg,yujin,23
yujin197.jpg,yujin,23
yujin203.jpg,yujin,23
yujin213.jpg,yujin,23
yuri005.jpg,yuri,24
yuri007.jpg,yuri,24
yuri013.jpg,yuri,24
yuri018.jpg,yuri,24
yuri037.jpg,yuri,24
yuri052.jpg,yuri,24
yuri064.jpg,yuri,24
yuri068.jpg,yuri,24
yuri099.jpg,yuri,24
yuri102.jpg,yuri,24
yuri103.jpg,yuri,24
yuri105.jpg,yuri,24
yuri110.jpg,yuri,24
yuri113.jpg,yuri,24
yuri114.jpg,yuri,24
yuri174.jpg,yuri,24
yuri178.jpg,yuri,24
yuri185.jpg,yuri,24
yuri203.jpg,yuri,24
yuri216.jpg,yuri,24
